"Hour", kWh, kvarh, "Peak kW", "peak kVA", "Losses kWh", "Losses kvarh", "Peak Losses kW"
25, 1384.81272620519, 137.691006774902, 2978.07569767844, 3241.87930329872, 15.1898324261234, 42.8453858011829, 112.384617973494
