Year, kWh, kvarh, "Peak kW", "peak kVA", "Losses kWh", "Losses kvarh", "Peak Losses kW"
0, 37638.3186682204, 7494.78922623091, 2978.07569767844, 3241.87930329872, 631.162130234696, 1810.15005924317, 112.384617973494
